student_id,name,reserve_group,test_club_1,score_1,test_club_2,score_2,test_club_3,score_3
HS001,Nguyễn Văn An,,clb_tinhoc,"9,5",clb_robotics,"8,0",clb_tienganh,"7,5"
HS002,Trần Thị Bình,chinh_sach,clb_tinhoc,"6,0",clb_tienganh,"8,5",,
HS003,Lê Minh Cường,,,,,,,
HS004,Phạm Thu Dung,khoi_10,clb_robotics,"7,0",,,,
HS005,Hoàng Gia Em,,clb_tinhoc,"8,0",,,,
HS006,Vũ Ngọc Giang,,clb_robotics,"9,0",clb_tienganh,"6,5",,
HS007,Đỗ Khánh Hà,chinh_sach,clb_tienganh,"7,0",,,,
HS008,Bùi Quang Huy,,clb_tinhoc,"7,5",clb_robotics,"6,0",,
HS009,Ngô Bảo Khanh,,clb_robotics,"5,5",,,,
HS010,Dương Thị Lan,khoi_10,clb_tinhoc,"8,5",clb_tienganh,"9,0",,
HS011,Lý Hoàng Minh,,clb_tinhoc,"6,5",clb_robotics,"8,5",,
HS012,Hồ Thanh Nga,,clb_tinhoc,"5,0",,,,
HS013,Đặng Gia Phúc,chinh_sach,clb_tienganh,"6,0",,,,
HS014,Phan Minh Quân,,clb_robotics,"7,5",,,,
HS015,Trịnh Thu Sương,,clb_tinhoc,"9,0",clb_tienganh,"5,5",,
HS016,Mai Anh Tuấn,,,,,,,
HS017,Chu Diệu Uyên,khoi_10,clb_robotics,"6,5",clb_tienganh,"8,0",,
HS018,Tạ Quốc Việt,,clb_tinhoc,"4,5",clb_robotics,"9,5",,
HS019,Cao Thị Xuân,,clb_tinhoc,"7,0",,,,
HS020,Lâm Hoài Yến,chinh_sach,clb_tienganh,"7,5",,,,
HS021,Đinh Bá Long,,clb_robotics,"5,0",,,,
HS022,Võ Kim Ngân,,clb_tinhoc,"8,5",,,,
HS023,Hà Đức Thắng,khoi_10,clb_tinhoc,"6,0",clb_robotics,"7,0",,
HS024,Nguyễn Thảo Vy,,clb_tienganh,"6,5",,,,
