student_id,name,reserve_group,test_club_1,score_1,test_club_2,score_2,test_club_3,score_3,test_club_4,score_4,test_club_5,score_5
HS001,Trần Thanh Linh,khoi_10,clb_khieuvu,"9,8",clb_coking,"9,3",,,,,,
HS002,Trịnh Thanh Sương,,clb_khieuvu,"9,5",clb_coking,"6,5",clb_dangian,"4,1",,,,
HS003,Nguyễn Quốc Việt,,clb_khieuvu,"8,0",clb_coking,"9,5",,,,,,
HS004,Dương Thanh Phúc,,clb_nauan,"9,6",clb_coking,"5,0",clb_dangian,"6,8",,,,
HS005,Chu Gia Phúc,,clb_khieuvu,"5,0",clb_nauan,"7,2",clb_thuvien,"5,1",,,,
HS006,Vũ Bảo Quân,,clb_khieuvu,"7,1",clb_nauan,"6,4",clb_coking,"7,4",clb_dangian,"8,3",,
HS007,Đỗ Anh Mai,,clb_khieuvu,"8,1",clb_coking,"4,6",clb_thuvien,"5,4",,,,
HS008,Tạ Anh Ngân,,clb_coking,"8,3",clb_thuvien,"6,1",,,,,,
HS009,Phạm Minh Xuân,chinh_sach,,,,,,,,,,
HS010,Tạ Thanh Nhi,,clb_nauan,"7,9",,,,,,,,
HS011,Nguyễn Gia Sương,chinh_sach,clb_nauan,"6,8",,,,,,,,
HS012,Hồ Thanh Thảo,,clb_khieuvu,"8,4",,,,,,,,
HS013,Đặng Khánh Uyên,,clb_coking,"4,9",clb_dangian,"4,7",clb_thuvien,"8,2",,,,
HS014,Nguyễn Khánh Chi,,clb_nauan,"7,0",clb_dangian,"8,7",clb_thuvien,"7,0",,,,
HS015,Dương Bảo Linh,,clb_khieuvu,"5,2",clb_nauan,"7,4",clb_dangian,"6,0",clb_thuvien,"7,3",,
HS016,Hoàng Thanh Dũng,,clb_khieuvu,"8,1",clb_nauan,"4,1",clb_dangian,"4,7",clb_thuvien,"4,2",,
HS017,Ngô Khánh An,,clb_nauan,"8,0",clb_coking,"7,3",clb_dangian,"9,6",clb_thuvien,"5,4",,
HS018,Mai Khánh Nam,,clb_nauan,"7,1",clb_dangian,"8,0",,,,,,
HS019,Tạ Bảo Sương,,clb_khieuvu,"7,4",clb_nauan,"6,6",clb_dangian,"8,1",,,,
HS020,Hồ Hoài Uyên,,clb_dangian,"5,1",,,,,,,,
HS021,Hoàng Hoài Yến,,clb_nauan,"6,1",clb_coking,"6,6",,,,,,
HS022,Vũ Gia Khanh,,clb_coking,"9,7",clb_dangian,"7,8",,,,,,
HS023,Nguyễn Thanh Giang,,clb_nauan,"7,8",clb_coking,"7,2",clb_thuvien,"6,1",,,,
HS024,Phạm Bảo Mai,chinh_sach,clb_khieuvu,"7,2",clb_coking,"4,4",clb_dangian,"4,7",,,,
HS025,Lý Minh Mai,,clb_khieuvu,"7,6",clb_nauan,"5,3",clb_dangian,"6,1",,,,
HS026,Vũ Thanh Dũng,,clb_nauan,"5,0",clb_coking,"7,8",,,,,,
HS027,Tạ Thị Quân,,clb_khieuvu,"9,8",clb_coking,"8,2",clb_dangian,"7,2",clb_thuvien,"7,3",,
HS028,Mai Văn Uyên,,clb_coking,"4,4",clb_dangian,"7,1",clb_thuvien,"9,9",,,,
HS029,Bùi Quốc Thảo,khoi_10,clb_thuvien,"7,5",,,,,,,,
HS030,Vũ Bảo Vy,,clb_khieuvu,"5,0",clb_nauan,"5,5",clb_thuvien,"4,6",,,,
HS031,Lý Quốc Chi,,clb_khieuvu,"5,9",clb_dangian,"7,2",,,,,,
HS032,Đỗ Anh Uyên,,clb_nauan,"6,6",clb_coking,"8,1",clb_thuvien,"9,0",,,,
HS033,Chu Bảo Linh,,clb_khieuvu,"6,3",clb_nauan,"6,9",clb_dangian,"6,4",,,,
HS034,Trịnh Anh Ngân,,clb_coking,"6,8",clb_dangian,"6,1",,,,,,
HS035,Phạm Thanh Phúc,,clb_khieuvu,"6,7",,,,,,,,
HS036,Vũ Văn Giang,,clb_coking,"5,7",clb_thuvien,"9,2",,,,,,
HS037,Đỗ Anh Quân,khoi_10,clb_nauan,"7,7",clb_coking,"6,2",clb_dangian,"5,5",clb_thuvien,"6,3",,
HS038,Trịnh Văn Xuân,khoi_10,clb_khieuvu,"5,3",clb_nauan,"7,2",clb_coking,"4,4",clb_dangian,"8,8",,
HS039,Đặng Văn Giang,,clb_nauan,"9,8",clb_coking,"5,6",clb_dangian,"7,1",,,,
HS040,Hoàng Gia Nam,khoi_10,clb_coking,"4,7",clb_thuvien,"8,1",,,,,,
HS041,Trịnh Thanh Ngân,,clb_nauan,"9,5",clb_dangian,"7,8",,,,,,
HS042,Trần Bảo Giang,,clb_khieuvu,"5,8",clb_coking,"6,0",clb_dangian,"5,3",clb_thuvien,"7,1",,
HS043,Hồ Anh Thảo,,clb_coking,"8,0",clb_dangian,"8,3",clb_thuvien,"6,1",,,,
HS044,Phạm Bảo Dũng,,clb_nauan,"8,5",clb_dangian,"8,4",,,,,,
HS045,Mai Bảo Nam,,clb_nauan,"6,7",clb_coking,"8,5",clb_thuvien,"9,3",,,,
HS046,Phan Thị Dũng,,clb_khieuvu,"5,6",clb_coking,"4,6",clb_dangian,"8,5",,,,
HS047,Nguyễn Thanh An,chinh_sach,clb_coking,"7,6",clb_dangian,"9,8",,,,,,
HS048,Trần Khánh Quân,chinh_sach,clb_khieuvu,"5,4",,,,,,,,
HS049,Nguyễn Gia An,,clb_khieuvu,"6,1",clb_coking,"9,2",,,,,,
HS050,Trịnh Quốc An,,clb_khieuvu,"9,0",clb_dangian,"8,9",,,,,,
HS051,Lý Bảo Uyên,,clb_khieuvu,"7,0",clb_nauan,"6,7",clb_coking,"9,9",clb_dangian,"8,0",clb_thuvien,"5,0"
HS052,Nguyễn Thanh Vy,,clb_nauan,"9,3",clb_thuvien,"4,6",,,,,,
HS053,Bùi Minh Nam,,clb_dangian,"5,1",,,,,,,,
HS054,Đặng Văn Quân,chinh_sach,clb_thuvien,"9,3",,,,,,,,
HS055,Mai Thị Vy,,,,,,,,,,,
HS056,Ngô Gia Dũng,,clb_coking,"9,4",,,,,,,,
HS057,Ngô Thị Tuấn,,clb_coking,"5,7",clb_dangian,"9,4",clb_thuvien,"6,8",,,,
HS058,Nguyễn Khánh Mai,,clb_khieuvu,"6,7",clb_nauan,"7,8",clb_coking,"6,2",clb_dangian,"7,4",clb_thuvien,"6,3"
HS059,Hồ Quốc An,,clb_khieuvu,"9,6",clb_coking,"5,5",clb_thuvien,"4,2",,,,
HS060,Hoàng Hoài Nhi,,clb_khieuvu,"5,8",clb_coking,"7,2",,,,,,
