student_id,name,reserve_group,thu_2_pref_1,thu_2_pref_2,thu_2_pref_3,thu_3_pref_1,thu_3_pref_2,thu_3_pref_3,thu_4_pref_1,thu_4_pref_2,thu_4_pref_3,thu_5_pref_1,thu_5_pref_2,thu_5_pref_3,thu_6_pref_1,thu_6_pref_2,thu_6_pref_3,thu_7_pref_1,thu_7_pref_2,thu_7_pref_3
HS001,Trần Thanh Linh,khoi_10,clb_robotics,clb_bongro,,clb_tinhoc,clb_khieuvu,,clb_bcs,clb_amnhac,,clb_nhiepanh,clb_nauan,,clb_tinhnguyen,,,clb_coking,,
HS002,Trịnh Thanh Sương,,clb_covua,clb_bongro,clb_robotics,clb_tinhoc,clb_bongda,clb_khieuvu,,,,clb_nauan,clb_nhiepanh,clb_mythuat,clb_lamvuon,clb_tinhnguyen,,clb_coking,clb_dangian,
HS003,Nguyễn Quốc Việt,,clb_robotics,clb_bongro,clb_covua,clb_khieuvu,clb_tinhoc,clb_bongda,clb_bcs,clb_khoahoc,,clb_nhiepanh,clb_mythuat,,clb_tranhbien,clb_tinhnguyen,clb_lamvuon,clb_coking,,
HS004,Dương Thanh Phúc,,clb_covua,,,,,,,,,clb_nauan,,,clb_tranhbien,,,clb_thuvien,clb_dangian,clb_coking
HS005,Chu Gia Phúc,,clb_bongro,,,clb_khieuvu,clb_bongda,clb_tinhoc,clb_amnhac,,,clb_mythuat,clb_nauan,clb_nhiepanh,clb_lamvuon,clb_tranhbien,clb_tinhnguyen,clb_dangian,clb_thuvien,
HS006,Vũ Bảo Quân,,clb_covua,clb_bongro,,clb_khieuvu,clb_tinhoc,clb_bongda,clb_khoahoc,,,clb_nauan,,,clb_lamvuon,clb_tranhbien,clb_tinhnguyen,clb_dangian,clb_coking,
HS007,Đỗ Anh Mai,,clb_robotics,,,clb_khieuvu,,,clb_khoahoc,clb_bcs,clb_amnhac,clb_nauan,,,clb_lamvuon,clb_tranhbien,,clb_thuvien,clb_coking,
HS008,Tạ Anh Ngân,,clb_bongro,clb_robotics,clb_covua,clb_tinhoc,,,clb_khoahoc,clb_amnhac,clb_bcs,clb_mythuat,clb_nauan,,clb_tinhnguyen,clb_lamvuon,,clb_thuvien,clb_coking,
HS009,Phạm Minh Xuân,chinh_sach,clb_bongro,clb_covua,,,,,clb_amnhac,clb_bcs,,clb_nhiepanh,clb_mythuat,,clb_tranhbien,,,,,
HS010,Tạ Thanh Nhi,,clb_robotics,,,,,,clb_amnhac,clb_bcs,,clb_nhiepanh,clb_mythuat,clb_nauan,clb_tinhnguyen,clb_tranhbien,clb_lamvuon,,,
HS011,Nguyễn Gia Sương,chinh_sach,clb_bongro,,,clb_tinhoc,clb_khieuvu,,clb_amnhac,clb_khoahoc,,clb_nhiepanh,clb_nauan,,clb_tinhnguyen,clb_lamvuon,clb_tranhbien,clb_thuvien,,
HS012,Hồ Thanh Thảo,,,,,clb_khieuvu,clb_tinhoc,,clb_bcs,,,clb_nhiepanh,clb_nauan,clb_mythuat,clb_tranhbien,clb_lamvuon,clb_tinhnguyen,,,
HS013,Đặng Khánh Uyên,,,,,clb_bongda,,,clb_bcs,clb_amnhac,,clb_mythuat,clb_nhiepanh,,clb_tinhnguyen,clb_tranhbien,clb_lamvuon,clb_coking,clb_dangian,clb_thuvien
HS014,Nguyễn Khánh Chi,,clb_bongro,,,clb_bongda,,,clb_khoahoc,clb_bcs,,clb_nauan,clb_mythuat,clb_nhiepanh,clb_tinhnguyen,,,clb_dangian,clb_thuvien,
HS015,Dương Bảo Linh,,clb_bongro,clb_covua,clb_robotics,clb_tinhoc,clb_khieuvu,clb_bongda,clb_amnhac,clb_bcs,clb_khoahoc,clb_nauan,clb_mythuat,clb_nhiepanh,clb_tinhnguyen,clb_tranhbien,,clb_thuvien,clb_dangian,
HS016,Hoàng Thanh Dũng,,clb_covua,clb_bongro,clb_robotics,clb_tinhoc,clb_khieuvu,,clb_bcs,clb_khoahoc,clb_amnhac,clb_mythuat,clb_nauan,,clb_lamvuon,clb_tinhnguyen,,clb_thuvien,clb_dangian,clb_coking
HS017,Ngô Khánh An,,clb_covua,clb_bongro,clb_robotics,clb_tinhoc,,,clb_khoahoc,,,clb_nauan,,,clb_tranhbien,,,clb_dangian,clb_coking,clb_thuvien
HS018,Mai Khánh Nam,,clb_covua,clb_bongro,,clb_tinhoc,,,clb_amnhac,,,clb_nauan,clb_mythuat,,clb_lamvuon,clb_tranhbien,,clb_dangian,,
HS019,Tạ Bảo Sương,,clb_bongro,clb_covua,clb_robotics,clb_khieuvu,clb_bongda,,clb_bcs,clb_amnhac,,clb_mythuat,clb_nhiepanh,clb_nauan,clb_tranhbien,,,clb_dangian,clb_thuvien,
HS020,Hồ Hoài Uyên,,clb_bongro,,,clb_tinhoc,,,clb_bcs,clb_khoahoc,clb_amnhac,clb_mythuat,clb_nhiepanh,,clb_tranhbien,clb_tinhnguyen,clb_lamvuon,clb_dangian,,
HS021,Hoàng Hoài Yến,,clb_covua,,,clb_tinhoc,clb_bongda,,clb_amnhac,clb_khoahoc,clb_bcs,clb_mythuat,clb_nauan,clb_nhiepanh,clb_tinhnguyen,clb_tranhbien,clb_lamvuon,clb_coking,,
HS022,Vũ Gia Khanh,,clb_robotics,clb_covua,,clb_khieuvu,clb_bongda,,clb_bcs,clb_amnhac,,,,,clb_lamvuon,clb_tranhbien,clb_tinhnguyen,clb_dangian,clb_coking,clb_thuvien
HS023,Nguyễn Thanh Giang,,clb_covua,clb_bongro,,clb_tinhoc,clb_khieuvu,,clb_khoahoc,clb_bcs,,clb_mythuat,clb_nauan,clb_nhiepanh,,,,clb_thuvien,clb_dangian,clb_coking
HS024,Phạm Bảo Mai,chinh_sach,,,,clb_bongda,clb_khieuvu,clb_tinhoc,clb_khoahoc,clb_bcs,,,,,,,,clb_coking,clb_dangian,
HS025,Lý Minh Mai,,clb_covua,clb_robotics,clb_bongro,clb_khieuvu,clb_bongda,,clb_bcs,,,clb_nauan,clb_mythuat,,clb_tinhnguyen,clb_lamvuon,clb_tranhbien,clb_thuvien,clb_dangian,clb_coking
HS026,Vũ Thanh Dũng,,clb_robotics,clb_bongro,clb_covua,clb_bongda,,,clb_amnhac,clb_khoahoc,,clb_nauan,,,clb_lamvuon,clb_tinhnguyen,,clb_coking,,
HS027,Tạ Thị Quân,,,,,clb_khieuvu,clb_bongda,clb_tinhoc,,,,,,,clb_lamvuon,clb_tranhbien,,clb_coking,clb_thuvien,clb_dangian
HS028,Mai Văn Uyên,,clb_robotics,clb_bongro,,,,,clb_khoahoc,clb_amnhac,clb_bcs,clb_nhiepanh,,,clb_tinhnguyen,clb_tranhbien,,clb_coking,clb_thuvien,clb_dangian
HS029,Bùi Quốc Thảo,khoi_10,clb_robotics,clb_bongro,clb_covua,clb_tinhoc,,,clb_bcs,clb_amnhac,,clb_mythuat,clb_nhiepanh,,clb_lamvuon,,,clb_thuvien,,
HS030,Vũ Bảo Vy,,clb_bongro,clb_robotics,,clb_bongda,clb_tinhoc,clb_khieuvu,clb_amnhac,clb_khoahoc,clb_bcs,clb_nhiepanh,clb_nauan,clb_mythuat,clb_lamvuon,clb_tinhnguyen,,clb_thuvien,,
HS031,Lý Quốc Chi,,clb_covua,clb_bongro,,clb_tinhoc,clb_khieuvu,clb_bongda,clb_bcs,clb_khoahoc,clb_amnhac,clb_nauan,clb_nhiepanh,clb_mythuat,clb_lamvuon,,,clb_dangian,,
HS032,Đỗ Anh Uyên,,clb_bongro,clb_covua,,clb_bongda,clb_tinhoc,,clb_bcs,,,clb_nauan,,,clb_tinhnguyen,clb_tranhbien,,clb_thuvien,clb_coking,clb_dangian
HS033,Chu Bảo Linh,,clb_covua,clb_bongro,,clb_khieuvu,,,clb_khoahoc,clb_amnhac,,clb_mythuat,clb_nhiepanh,clb_nauan,clb_tinhnguyen,,,clb_coking,clb_dangian,
HS034,Trịnh Anh Ngân,,clb_robotics,clb_covua,clb_bongro,clb_bongda,,,clb_bcs,clb_khoahoc,,clb_mythuat,clb_nhiepanh,,clb_tranhbien,,,clb_dangian,clb_coking,
HS035,Phạm Thanh Phúc,,clb_bongro,,,clb_khieuvu,,,clb_khoahoc,,,clb_nhiepanh,clb_mythuat,,clb_tranhbien,clb_lamvuon,clb_tinhnguyen,,,
HS036,Vũ Văn Giang,,clb_covua,clb_robotics,,clb_bongda,clb_khieuvu,,,,,clb_nauan,clb_nhiepanh,,clb_lamvuon,clb_tranhbien,,clb_coking,clb_thuvien,
HS037,Đỗ Anh Quân,khoi_10,clb_robotics,clb_bongro,,,,,clb_amnhac,clb_bcs,clb_khoahoc,clb_nhiepanh,clb_nauan,,clb_tinhnguyen,clb_tranhbien,,clb_thuvien,clb_dangian,clb_coking
HS038,Trịnh Văn Xuân,khoi_10,clb_robotics,clb_bongro,clb_covua,clb_khieuvu,clb_tinhoc,,,,,clb_nauan,clb_nhiepanh,clb_mythuat,clb_tinhnguyen,,,clb_coking,clb_dangian,
HS039,Đặng Văn Giang,,clb_robotics,clb_covua,clb_bongro,clb_tinhoc,clb_khieuvu,clb_bongda,clb_amnhac,,,clb_mythuat,clb_nauan,clb_nhiepanh,clb_tinhnguyen,clb_lamvuon,,clb_coking,clb_dangian,
HS040,Hoàng Gia Nam,khoi_10,,,,,,,clb_amnhac,,,clb_mythuat,,,clb_lamvuon,clb_tinhnguyen,clb_tranhbien,clb_coking,clb_thuvien,
HS041,Trịnh Thanh Ngân,,clb_robotics,,,clb_tinhoc,clb_bongda,,clb_bcs,clb_amnhac,clb_khoahoc,clb_nauan,,,clb_tinhnguyen,clb_lamvuon,clb_tranhbien,clb_dangian,,
HS042,Trần Bảo Giang,,clb_robotics,clb_bongro,clb_covua,clb_khieuvu,clb_bongda,clb_tinhoc,clb_khoahoc,clb_bcs,clb_amnhac,clb_mythuat,,,clb_lamvuon,clb_tranhbien,clb_tinhnguyen,clb_thuvien,clb_coking,clb_dangian
HS043,Hồ Anh Thảo,,clb_covua,clb_robotics,clb_bongro,clb_tinhoc,,,clb_bcs,clb_amnhac,clb_khoahoc,clb_nhiepanh,,,clb_tinhnguyen,,,clb_coking,clb_dangian,clb_thuvien
HS044,Phạm Bảo Dũng,,clb_covua,,,clb_tinhoc,clb_bongda,,clb_bcs,clb_amnhac,clb_khoahoc,clb_mythuat,clb_nhiepanh,clb_nauan,clb_tranhbien,clb_tinhnguyen,,clb_thuvien,clb_dangian,
HS045,Mai Bảo Nam,,clb_covua,clb_robotics,clb_bongro,clb_bongda,,,clb_bcs,,,clb_nhiepanh,clb_nauan,,clb_tinhnguyen,clb_lamvuon,clb_tranhbien,clb_thuvien,clb_coking,
HS046,Phan Thị Dũng,,clb_robotics,clb_bongro,clb_covua,clb_khieuvu,clb_bongda,clb_tinhoc,clb_bcs,,,clb_nauan,clb_nhiepanh,,clb_lamvuon,clb_tranhbien,clb_tinhnguyen,clb_coking,clb_dangian,
HS047,Nguyễn Thanh An,chinh_sach,clb_bongro,,,clb_bongda,,,,,,,,,,,,clb_coking,clb_dangian,
HS048,Trần Khánh Quân,chinh_sach,clb_covua,clb_bongro,clb_robotics,clb_khieuvu,clb_bongda,clb_tinhoc,,,,,,,,,,clb_coking,,
HS049,Nguyễn Gia An,,clb_robotics,clb_covua,,clb_khieuvu,clb_bongda,,clb_khoahoc,,,,,,clb_tinhnguyen,clb_lamvuon,,clb_coking,,
HS050,Trịnh Quốc An,,clb_bongro,clb_robotics,clb_covua,clb_bongda,clb_tinhoc,clb_khieuvu,clb_khoahoc,clb_amnhac,clb_bcs,clb_mythuat,,,clb_tranhbien,clb_lamvuon,clb_tinhnguyen,clb_dangian,,
HS051,Lý Bảo Uyên,,,,,clb_khieuvu,,,clb_khoahoc,clb_amnhac,clb_bcs,clb_nhiepanh,clb_mythuat,clb_nauan,clb_tranhbien,clb_lamvuon,clb_tinhnguyen,clb_thuvien,clb_dangian,clb_coking
HS052,Nguyễn Thanh Vy,,clb_bongro,clb_covua,clb_robotics,clb_tinhoc,,,clb_khoahoc,clb_bcs,,clb_mythuat,clb_nauan,clb_nhiepanh,clb_tranhbien,clb_tinhnguyen,clb_lamvuon,clb_coking,clb_thuvien,
HS053,Bùi Minh Nam,,clb_bongro,clb_covua,,clb_tinhoc,,,clb_amnhac,,,clb_nhiepanh,,,clb_tranhbien,,,clb_dangian,clb_coking,
HS054,Đặng Văn Quân,chinh_sach,clb_covua,clb_bongro,clb_robotics,clb_bongda,,,clb_amnhac,clb_bcs,,,,,clb_tinhnguyen,clb_lamvuon,clb_tranhbien,clb_thuvien,,
HS055,Mai Thị Vy,,clb_robotics,clb_bongro,,clb_bongda,clb_tinhoc,,clb_amnhac,,,clb_mythuat,clb_nauan,,,,,,,
HS056,Ngô Gia Dũng,,,,,clb_bongda,,,clb_khoahoc,,,,,,clb_tinhnguyen,,,clb_coking,,
HS057,Ngô Thị Tuấn,,clb_robotics,clb_bongro,clb_covua,clb_tinhoc,clb_bongda,,clb_khoahoc,clb_bcs,,clb_mythuat,,,clb_tranhbien,,,clb_dangian,clb_thuvien,clb_coking
HS058,Nguyễn Khánh Mai,,clb_bongro,clb_covua,,clb_khieuvu,,,clb_bcs,,,clb_nhiepanh,clb_nauan,clb_mythuat,clb_tinhnguyen,,,clb_thuvien,clb_coking,clb_dangian
HS059,Hồ Quốc An,,,,,clb_bongda,clb_tinhoc,clb_khieuvu,clb_khoahoc,clb_amnhac,clb_bcs,clb_nhiepanh,,,clb_tinhnguyen,clb_tranhbien,clb_lamvuon,clb_thuvien,clb_coking,clb_dangian
HS060,Hoàng Hoài Nhi,,clb_covua,clb_bongro,,clb_khieuvu,clb_bongda,,,,,clb_mythuat,,,clb_tranhbien,,,clb_coking,,
